max_depth,train_macro_f1,val_macro_f1
1,0.23143939393939394,0.22355729932973678
2,0.37056630365150545,0.3710472860820733
3,0.7128195347973451,0.6882591896980604
4,0.8978135347436728,0.7971830733882254
5,0.9257312585997871,0.8227212277309368
6,0.9491581884213688,0.8407513271437191
7,0.9703324657463549,0.8473668468145484
8,0.9804600729948683,0.8579570290989956
9,0.9892753746348015,0.8465677845230939
10,0.9925031530919702,0.8420630436694988
11,0.9943907112901397,0.8442667377577644
12,0.9957873197262354,0.8156322150038676
13,0.9974639624421586,0.8225852844100694
14,0.9985837304383393,0.8370801672754364
15,0.9987528720763613,0.8132770722796846
16,0.9991541953325465,0.8266585857960406
17,0.9993233849672181,0.8316505681398474
18,0.9994925599885865,0.8360084033964613
19,0.999830867242352,0.834081554096302
20,1.0,0.8384308108590232
